dataset,encoder,c_fh,policy,threshold,fhr,coverage,expected_cost
mrpc,all-MiniLM-L6-v2,5.0,fixed@0.8,0.8,0.1573,0.5544,0.8816
mrpc,all-MiniLM-L6-v2,5.0,fhr<= 0.05,0.99,0.0,0.0064,0.9936
mrpc,all-MiniLM-L6-v2,5.0,cost-aware(c_fh=5),0.92,0.0797,0.2208,0.8672
mrpc,all-MiniLM-L6-v2,20.0,fixed@0.8,0.8,0.1573,0.5544,2.1896
mrpc,all-MiniLM-L6-v2,20.0,fhr<= 0.05,0.99,0.0,0.0064,0.9936
mrpc,all-MiniLM-L6-v2,20.0,cost-aware(c_fh=20),0.99,0.0,0.0064,0.9936
mrpc,all-mpnet-base-v2,5.0,fixed@0.8,0.8,0.1421,0.5968,0.8272
mrpc,all-mpnet-base-v2,5.0,fhr<= 0.05,0.995,0.0,0.0024,0.9976
mrpc,all-mpnet-base-v2,5.0,cost-aware(c_fh=5),0.91,0.0831,0.2792,0.8368
mrpc,all-mpnet-base-v2,20.0,fixed@0.8,0.8,0.1421,0.5968,2.0992
mrpc,all-mpnet-base-v2,20.0,fhr<= 0.05,0.995,0.0,0.0024,0.9976
mrpc,all-mpnet-base-v2,20.0,cost-aware(c_fh=20),0.995,0.0,0.0024,0.9976
mrpc,bge-base-en-v1.5,5.0,fixed@0.8,0.8,0.1962,0.7664,0.9856
mrpc,bge-base-en-v1.5,5.0,fhr<= 0.05,0.965,0.0101,0.0792,0.9248
mrpc,bge-base-en-v1.5,5.0,cost-aware(c_fh=5),0.895,0.0905,0.3888,0.7872
mrpc,bge-base-en-v1.5,20.0,fixed@0.8,0.8,0.1962,0.7664,3.2416
mrpc,bge-base-en-v1.5,20.0,fhr<= 0.05,0.965,0.0101,0.0792,0.9368
mrpc,bge-base-en-v1.5,20.0,cost-aware(c_fh=20),0.97,0.0,0.0616,0.9384
mrpc,bge-large-en-v1.5,5.0,fixed@0.8,0.8,0.183,0.7256,0.9384
mrpc,bge-large-en-v1.5,5.0,fhr<= 0.05,0.96,0.0083,0.096,0.908
mrpc,bge-large-en-v1.5,5.0,cost-aware(c_fh=5),0.915,0.0632,0.304,0.792
mrpc,bge-large-en-v1.5,20.0,fixed@0.8,0.8,0.183,0.7256,2.9304
mrpc,bge-large-en-v1.5,20.0,fhr<= 0.05,0.96,0.0083,0.096,0.92
mrpc,bge-large-en-v1.5,20.0,cost-aware(c_fh=20),0.97,0.0,0.0576,0.9424
mrpc,e5-large-v2,5.0,fixed@0.8,0.8,0.3109,0.9984,1.5536
mrpc,e5-large-v2,5.0,fhr<= 0.05,0.98,0.0181,0.1328,0.8792
mrpc,e5-large-v2,5.0,cost-aware(c_fh=5),0.955,0.0766,0.3968,0.7552
mrpc,e5-large-v2,20.0,fixed@0.8,0.8,0.3109,0.9984,6.2096
mrpc,e5-large-v2,20.0,fhr<= 0.05,0.98,0.0181,0.1328,0.9152
mrpc,e5-large-v2,20.0,cost-aware(c_fh=20),0.985,0.0091,0.088,0.928
mrpc,e5-small-v2,5.0,fixed@0.8,0.8,0.312,1.0,1.56
mrpc,e5-small-v2,5.0,fhr<= 0.05,0.985,0.0091,0.088,0.916
mrpc,e5-small-v2,5.0,cost-aware(c_fh=5),0.96,0.0743,0.3552,0.7768
mrpc,e5-small-v2,20.0,fixed@0.8,0.8,0.312,1.0,6.24
mrpc,e5-small-v2,20.0,fhr<= 0.05,0.985,0.0091,0.088,0.928
mrpc,e5-small-v2,20.0,cost-aware(c_fh=20),0.985,0.0091,0.088,0.928
mrpc,tfidf-lexical,5.0,fixed@0.8,0.8,0.04,0.06,0.952
mrpc,tfidf-lexical,5.0,fhr<= 0.05,0.81,0.0455,0.0528,0.9592
mrpc,tfidf-lexical,5.0,cost-aware(c_fh=5),0.695,0.0981,0.212,0.892
mrpc,tfidf-lexical,20.0,fixed@0.8,0.8,0.04,0.06,0.988
mrpc,tfidf-lexical,20.0,fhr<= 0.05,0.81,0.0455,0.0528,0.9952
mrpc,tfidf-lexical,20.0,cost-aware(c_fh=20),0.87,0.0,0.02,0.98
paws,all-MiniLM-L6-v2,5.0,fixed@0.8,0.8,0.5545,0.9912,2.7568
paws,all-MiniLM-L6-v2,5.0,fhr<= 0.05,1.0,,0.0,1.0
paws,all-MiniLM-L6-v2,5.0,cost-aware(c_fh=5),1.0,,0.0,1.0
paws,all-MiniLM-L6-v2,20.0,fixed@0.8,0.8,0.5545,0.9912,11.0008
paws,all-MiniLM-L6-v2,20.0,fhr<= 0.05,1.0,,0.0,1.0
paws,all-MiniLM-L6-v2,20.0,cost-aware(c_fh=20),1.0,,0.0,1.0
paws,all-mpnet-base-v2,5.0,fixed@0.8,0.8,0.5502,0.9712,2.7008
paws,all-mpnet-base-v2,5.0,fhr<= 0.05,1.0,0.0,0.0008,0.9992
paws,all-mpnet-base-v2,5.0,cost-aware(c_fh=5),1.0,0.0,0.0008,0.9992
paws,all-mpnet-base-v2,20.0,fixed@0.8,0.8,0.5502,0.9712,10.7168
paws,all-mpnet-base-v2,20.0,fhr<= 0.05,1.0,0.0,0.0008,0.9992
paws,all-mpnet-base-v2,20.0,cost-aware(c_fh=20),1.0,0.0,0.0008,0.9992
paws,bge-base-en-v1.5,5.0,fixed@0.8,0.8,0.5553,0.9984,2.7736
paws,bge-base-en-v1.5,5.0,fhr<= 0.05,1.0,0.0,0.0008,0.9992
paws,bge-base-en-v1.5,5.0,cost-aware(c_fh=5),1.0,0.0,0.0008,0.9992
paws,bge-base-en-v1.5,20.0,fixed@0.8,0.8,0.5553,0.9984,11.0896
paws,bge-base-en-v1.5,20.0,fhr<= 0.05,1.0,0.0,0.0008,0.9992
paws,bge-base-en-v1.5,20.0,cost-aware(c_fh=20),1.0,0.0,0.0008,0.9992
paws,bge-large-en-v1.5,5.0,fixed@0.8,0.8,0.5549,0.9976,2.7704
paws,bge-large-en-v1.5,5.0,fhr<= 0.05,1.0,0.0,0.0008,0.9992
paws,bge-large-en-v1.5,5.0,cost-aware(c_fh=5),1.0,0.0,0.0008,0.9992
paws,bge-large-en-v1.5,20.0,fixed@0.8,0.8,0.5549,0.9976,11.0744
paws,bge-large-en-v1.5,20.0,fhr<= 0.05,1.0,0.0,0.0008,0.9992
paws,bge-large-en-v1.5,20.0,cost-aware(c_fh=20),1.0,0.0,0.0008,0.9992
paws,e5-large-v2,5.0,fixed@0.8,0.8,0.556,1.0,2.78
paws,e5-large-v2,5.0,fhr<= 0.05,1.0,0.0,0.0008,0.9992
paws,e5-large-v2,5.0,cost-aware(c_fh=5),1.0,0.0,0.0008,0.9992
paws,e5-large-v2,20.0,fixed@0.8,0.8,0.556,1.0,11.12
paws,e5-large-v2,20.0,fhr<= 0.05,1.0,0.0,0.0008,0.9992
paws,e5-large-v2,20.0,cost-aware(c_fh=20),1.0,0.0,0.0008,0.9992
paws,e5-small-v2,5.0,fixed@0.8,0.8,0.556,1.0,2.78
paws,e5-small-v2,5.0,fhr<= 0.05,1.0,0.0,0.0008,0.9992
paws,e5-small-v2,5.0,cost-aware(c_fh=5),1.0,0.0,0.0008,0.9992
paws,e5-small-v2,20.0,fixed@0.8,0.8,0.556,1.0,11.12
paws,e5-small-v2,20.0,fhr<= 0.05,1.0,0.0,0.0008,0.9992
paws,e5-small-v2,20.0,cost-aware(c_fh=20),1.0,0.0,0.0008,0.9992
paws,tfidf-lexical,5.0,fixed@0.8,0.8,0.3757,0.4472,1.3928
paws,tfidf-lexical,5.0,fhr<= 0.05,1.0,0.1818,0.0088,0.9992
paws,tfidf-lexical,5.0,cost-aware(c_fh=5),0.95,0.2,0.032,1.0
paws,tfidf-lexical,20.0,fixed@0.8,0.8,0.3757,0.4472,3.9128
paws,tfidf-lexical,20.0,fhr<= 0.05,1.0,0.1818,0.0088,1.0232
paws,tfidf-lexical,20.0,cost-aware(c_fh=20),0.96,0.2,0.02,1.06
qqp,all-MiniLM-L6-v2,5.0,fixed@0.8,0.8,0.3315,0.4344,1.2856
qqp,all-MiniLM-L6-v2,5.0,fhr<= 0.05,0.995,0.2222,0.0072,1.0008
qqp,all-MiniLM-L6-v2,5.0,cost-aware(c_fh=5),0.94,0.1641,0.1024,0.9816
qqp,all-MiniLM-L6-v2,20.0,fixed@0.8,0.8,0.3315,0.4344,3.4456
qqp,all-MiniLM-L6-v2,20.0,fhr<= 0.05,0.995,0.2222,0.0072,1.0248
qqp,all-MiniLM-L6-v2,20.0,cost-aware(c_fh=20),0.995,0.2222,0.0072,1.0248
qqp,all-mpnet-base-v2,5.0,fixed@0.8,0.8,0.2993,0.4304,1.2136
qqp,all-mpnet-base-v2,5.0,fhr<= 0.05,1.0,0.0,0.0008,0.9992
qqp,all-mpnet-base-v2,5.0,cost-aware(c_fh=5),0.945,0.1508,0.1008,0.9752
qqp,all-mpnet-base-v2,20.0,fixed@0.8,0.8,0.2993,0.4304,3.1456
qqp,all-mpnet-base-v2,20.0,fhr<= 0.05,1.0,0.0,0.0008,0.9992
qqp,all-mpnet-base-v2,20.0,cost-aware(c_fh=20),1.0,0.0,0.0008,0.9992
qqp,bge-base-en-v1.5,5.0,fixed@0.8,0.8,0.3885,0.5416,1.5104
qqp,bge-base-en-v1.5,5.0,fhr<= 0.05,0.985,0.125,0.0256,0.9904
qqp,bge-base-en-v1.5,5.0,cost-aware(c_fh=5),0.97,0.1429,0.0504,0.9856
qqp,bge-base-en-v1.5,20.0,fixed@0.8,0.8,0.3885,0.5416,4.6664
qqp,bge-base-en-v1.5,20.0,fhr<= 0.05,0.985,0.125,0.0256,1.0384
qqp,bge-base-en-v1.5,20.0,cost-aware(c_fh=20),0.99,0.0625,0.0128,1.0032
qqp,bge-large-en-v1.5,5.0,fixed@0.8,0.8,0.3797,0.5288,1.4752
qqp,bge-large-en-v1.5,5.0,fhr<= 0.05,0.985,0.0833,0.0288,0.9832
qqp,bge-large-en-v1.5,5.0,cost-aware(c_fh=5),0.945,0.1915,0.1128,0.9952
qqp,bge-large-en-v1.5,20.0,fixed@0.8,0.8,0.3797,0.5288,4.4872
qqp,bge-large-en-v1.5,20.0,fhr<= 0.05,0.985,0.0833,0.0288,1.0192
qqp,bge-large-en-v1.5,20.0,cost-aware(c_fh=20),0.99,0.0,0.0168,0.9832
qqp,e5-large-v2,5.0,fixed@0.8,0.8,0.5847,0.8976,2.7264
qqp,e5-large-v2,5.0,fhr<= 0.05,0.995,0.0435,0.0184,0.9856
qqp,e5-large-v2,5.0,cost-aware(c_fh=5),0.98,0.1553,0.0824,0.9816
qqp,e5-large-v2,20.0,fixed@0.8,0.8,0.5847,0.8976,10.5984
qqp,e5-large-v2,20.0,fhr<= 0.05,0.995,0.0435,0.0184,0.9976
qqp,e5-large-v2,20.0,cost-aware(c_fh=20),0.995,0.0435,0.0184,0.9976
qqp,e5-small-v2,5.0,fixed@0.8,0.8,0.6,0.932,2.864
qqp,e5-small-v2,5.0,fhr<= 0.05,1.0,0.0,0.0008,0.9992
qqp,e5-small-v2,5.0,cost-aware(c_fh=5),0.985,0.1829,0.0656,0.9944
qqp,e5-small-v2,20.0,fixed@0.8,0.8,0.6,0.932,11.252
qqp,e5-small-v2,20.0,fhr<= 0.05,1.0,0.0,0.0008,0.9992
qqp,e5-small-v2,20.0,cost-aware(c_fh=20),1.0,0.0,0.0008,0.9992
qqp,tfidf-lexical,5.0,fixed@0.8,0.8,0.5634,0.0568,1.1032
qqp,tfidf-lexical,5.0,fhr<= 0.05,1.0,0.6667,0.0024,1.0056
qqp,tfidf-lexical,5.0,cost-aware(c_fh=5),1.0,0.6667,0.0024,1.0056
qqp,tfidf-lexical,20.0,fixed@0.8,0.8,0.5634,0.0568,1.5832
qqp,tfidf-lexical,20.0,fhr<= 0.05,1.0,0.6667,0.0024,1.0296
qqp,tfidf-lexical,20.0,cost-aware(c_fh=20),1.0,0.6667,0.0024,1.0296
